type	family	province	isp	host	ip	port	target	backup_host	backup_ip	backup_port	backup_target
cdn	6	河北	电信	he-ct-v6.ibsgss.uk	240e:b1:c802:0:8000:0:b00:99	80	he-ct-v6.ip.zstaticcdn.com	bak.he-ct-v6.ibsgss.uk		80	sjz-ct-v6.ip.zstaticcdn.com
cdn	6	河北	联通	he-cu-v6.ibsgss.uk		80	he-cu-v6.ip.zstaticcdn.com	bak.he-cu-v6.ibsgss.uk		80	sjz-cu-v6.ip.zstaticcdn.com
cdn	6	河北	移动	he-cm-v6.ibsgss.uk		80	he-cm-v6.ip.zstaticcdn.com	bak.he-cm-v6.ibsgss.uk		80	sjz-cm-v6.ip.zstaticcdn.com
cdn	6	山西	电信	sx-ct-v6.ibsgss.uk		80	sx-ct-v6.ip.zstaticcdn.com	bak.sx-ct-v6.ibsgss.uk		80	ty-ct-v6.ip.zstaticcdn.com
cdn	6	山西	联通	sx-cu-v6.ibsgss.uk		80	sx-cu-v6.ip.zstaticcdn.com	bak.sx-cu-v6.ibsgss.uk		80	ty-cu-v6.ip.zstaticcdn.com
cdn	6	山西	移动	sx-cm-v6.ibsgss.uk		80	sx-cm-v6.ip.zstaticcdn.com	bak.sx-cm-v6.ibsgss.uk		80	ty-cm-v6.ip.zstaticcdn.com
cdn	6	辽宁	电信	ln-ct-v6.ibsgss.uk	240e:90d:1101:450f:8000:0:b00:4	80	ln-ct-v6.ip.zstaticcdn.com	bak.ln-ct-v6.ibsgss.uk		80	sy-ct-v6.ip.zstaticcdn.com
cdn	6	辽宁	联通	ln-cu-v6.ibsgss.uk		80	ln-cu-v6.ip.zstaticcdn.com	bak.ln-cu-v6.ibsgss.uk		80	sy-cu-v6.ip.zstaticcdn.com
cdn	6	辽宁	移动	ln-cm-v6.ibsgss.uk	2409:8c15:2812:1000:8000:0:b00:165	80	ln-cm-v6.ip.zstaticcdn.com	bak.ln-cm-v6.ibsgss.uk		80	sy-cm-v6.ip.zstaticcdn.com
cdn	6	吉林	电信	jl-ct-v6.ibsgss.uk		80	jl-ct-v6.ip.zstaticcdn.com	bak.jl-ct-v6.ibsgss.uk		80	cc-ct-v6.ip.zstaticcdn.com
cdn	6	吉林	联通	jl-cu-v6.ibsgss.uk	2408:8630:20b0:3:8000:0:b00:227	80	jl-cu-v6.ip.zstaticcdn.com	bak.jl-cu-v6.ibsgss.uk		80	cc-cu-v6.ip.zstaticcdn.com
cdn	6	吉林	移动	jl-cm-v6.ibsgss.uk		80	jl-cm-v6.ip.zstaticcdn.com	bak.jl-cm-v6.ibsgss.uk		80	cc-cm-v6.ip.zstaticcdn.com
cdn	6	黑龙江	电信	hl-ct-v6.ibsgss.uk		80	hl-ct-v6.ip.zstaticcdn.com	bak.hl-ct-v6.ibsgss.uk		80	hrb-ct-v6.ip.zstaticcdn.com
cdn	6	黑龙江	联通	hl-cu-v6.ibsgss.uk		80	hl-cu-v6.ip.zstaticcdn.com	bak.hl-cu-v6.ibsgss.uk		80	hrb-cu-v6.ip.zstaticcdn.com
cdn	6	黑龙江	移动	hl-cm-v6.ibsgss.uk		80	hl-cm-v6.ip.zstaticcdn.com	bak.hl-cm-v6.ibsgss.uk		80	hrb-cm-v6.ip.zstaticcdn.com
cdn	6	江苏	电信	js-ct-v6.ibsgss.uk		80	js-ct-v6.ip.zstaticcdn.com	bak.js-ct-v6.ibsgss.uk		80	nj-ct-v6.ip.zstaticcdn.com
cdn	6	江苏	联通	js-cu-v6.ibsgss.uk		80	js-cu-v6.ip.zstaticcdn.com	bak.js-cu-v6.ibsgss.uk		80	nj-cu-v6.ip.zstaticcdn.com
cdn	6	江苏	移动	js-cm-v6.ibsgss.uk		80	js-cm-v6.ip.zstaticcdn.com	bak.js-cm-v6.ibsgss.uk		80	nj-cm-v6.ip.zstaticcdn.com
cdn	6	浙江	电信	zj-ct-v6.ibsgss.uk		80	zj-ct-v6.ip.zstaticcdn.com	bak.zj-ct-v6.ibsgss.uk		80	hz-ct-v6.ip.zstaticcdn.com
cdn	6	浙江	联通	zj-cu-v6.ibsgss.uk		80	zj-cu-v6.ip.zstaticcdn.com	bak.zj-cu-v6.ibsgss.uk		80	hz-cu-v6.ip.zstaticcdn.com
cdn	6	浙江	移动	zj-cm-v6.ibsgss.uk		80	zj-cm-v6.ip.zstaticcdn.com	bak.zj-cm-v6.ibsgss.uk		80	hz-cm-v6.ip.zstaticcdn.com
cdn	6	安徽	电信	ah-ct-v6.ibsgss.uk		80	ah-ct-v6.ip.zstaticcdn.com	bak.ah-ct-v6.ibsgss.uk		80	hf-ct-v6.ip.zstaticcdn.com
cdn	6	安徽	联通	ah-cu-v6.ibsgss.uk		80	ah-cu-v6.ip.zstaticcdn.com	bak.ah-cu-v6.ibsgss.uk		80	hf-cu-v6.ip.zstaticcdn.com
cdn	6	安徽	移动	ah-cm-v6.ibsgss.uk		80	ah-cm-v6.ip.zstaticcdn.com	bak.ah-cm-v6.ibsgss.uk		80	hf-cm-v6.ip.zstaticcdn.com
cdn	6	福建	电信	fj-ct-v6.ibsgss.uk		80	fj-ct-v6.ip.zstaticcdn.com	bak.fj-ct-v6.ibsgss.uk		80	fz-ct-v6.ip.zstaticcdn.com
cdn	6	福建	联通	fj-cu-v6.ibsgss.uk		80	fj-cu-v6.ip.zstaticcdn.com	bak.fj-cu-v6.ibsgss.uk		80	fz-cu-v6.ip.zstaticcdn.com
cdn	6	福建	移动	fj-cm-v6.ibsgss.uk		80	fj-cm-v6.ip.zstaticcdn.com	bak.fj-cm-v6.ibsgss.uk		80	fz-cm-v6.ip.zstaticcdn.com
cdn	6	江西	电信	jx-ct-v6.ibsgss.uk		80	jx-ct-v6.ip.zstaticcdn.com	bak.jx-ct-v6.ibsgss.uk		80	nc-ct-v6.ip.zstaticcdn.com
cdn	6	江西	联通	jx-cu-v6.ibsgss.uk		80	jx-cu-v6.ip.zstaticcdn.com	bak.jx-cu-v6.ibsgss.uk		80	nc-cu-v6.ip.zstaticcdn.com
cdn	6	江西	移动	jx-cm-v6.ibsgss.uk		80	jx-cm-v6.ip.zstaticcdn.com	bak.jx-cm-v6.ibsgss.uk		80	nc-cm-v6.ip.zstaticcdn.com
cdn	6	山东	电信	sd-ct-v6.ibsgss.uk		80	sd-ct-v6.ip.zstaticcdn.com	bak.sd-ct-v6.ibsgss.uk		80	jn-ct-v6.ip.zstaticcdn.com
cdn	6	山东	联通	sd-cu-v6.ibsgss.uk		80	sd-cu-v6.ip.zstaticcdn.com	bak.sd-cu-v6.ibsgss.uk		80	jn-cu-v6.ip.zstaticcdn.com
cdn	6	山东	移动	sd-cm-v6.ibsgss.uk		80	sd-cm-v6.ip.zstaticcdn.com	bak.sd-cm-v6.ibsgss.uk		80	jn-cm-v6.ip.zstaticcdn.com
cdn	6	河南	电信	ha-ct-v6.ibsgss.uk		80	ha-ct-v6.ip.zstaticcdn.com	bak.ha-ct-v6.ibsgss.uk		80	zz-ct-v6.ip.zstaticcdn.com
cdn	6	河南	联通	ha-cu-v6.ibsgss.uk		80	ha-cu-v6.ip.zstaticcdn.com	bak.ha-cu-v6.ibsgss.uk		80	zz-cu-v6.ip.zstaticcdn.com
cdn	6	河南	移动	ha-cm-v6.ibsgss.uk		80	ha-cm-v6.ip.zstaticcdn.com	bak.ha-cm-v6.ibsgss.uk		80	zz-cm-v6.ip.zstaticcdn.com
cdn	6	湖北	电信	hb-ct-v6.ibsgss.uk		80	hb-ct-v6.ip.zstaticcdn.com	bak.hb-ct-v6.ibsgss.uk		80	wh-ct-v6.ip.zstaticcdn.com
cdn	6	湖北	联通	hb-cu-v6.ibsgss.uk		80	hb-cu-v6.ip.zstaticcdn.com	bak.hb-cu-v6.ibsgss.uk		80	wh-cu-v6.ip.zstaticcdn.com
cdn	6	湖北	移动	hb-cm-v6.ibsgss.uk		80	hb-cm-v6.ip.zstaticcdn.com	bak.hb-cm-v6.ibsgss.uk		80	wh-cm-v6.ip.zstaticcdn.com
cdn	6	湖南	电信	hn-ct-v6.ibsgss.uk		80	hn-ct-v6.ip.zstaticcdn.com	bak.hn-ct-v6.ibsgss.uk		80	cs-ct-v6.ip.zstaticcdn.com
cdn	6	湖南	联通	hn-cu-v6.ibsgss.uk		80	hn-cu-v6.ip.zstaticcdn.com	bak.hn-cu-v6.ibsgss.uk		80	cs-cu-v6.ip.zstaticcdn.com
cdn	6	湖南	移动	hn-cm-v6.ibsgss.uk		80	hn-cm-v6.ip.zstaticcdn.com	bak.hn-cm-v6.ibsgss.uk		80	cs-cm-v6.ip.zstaticcdn.com
cdn	6	广东	电信	gd-ct-v6.ibsgss.uk		80	gd-ct-v6.ip.zstaticcdn.com	bak.gd-ct-v6.ibsgss.uk		80	gz-ct-v6.ip.zstaticcdn.com
cdn	6	广东	联通	gd-cu-v6.ibsgss.uk		80	gd-cu-v6.ip.zstaticcdn.com	bak.gd-cu-v6.ibsgss.uk		80	gz-cu-v6.ip.zstaticcdn.com
cdn	6	广东	移动	gd-cm-v6.ibsgss.uk		80	gd-cm-v6.ip.zstaticcdn.com	bak.gd-cm-v6.ibsgss.uk		80	gz-cm-v6.ip.zstaticcdn.com
cdn	6	海南	电信	hi-ct-v6.ibsgss.uk		80	hi-ct-v6.ip.zstaticcdn.com	bak.hi-ct-v6.ibsgss.uk		80	haikou-ct-v6.ip.zstaticcdn.com
cdn	6	海南	联通	hi-cu-v6.ibsgss.uk		80	hi-cu-v6.ip.zstaticcdn.com	bak.hi-cu-v6.ibsgss.uk		80	haikou-cu-v6.ip.zstaticcdn.com
cdn	6	海南	移动	hi-cm-v6.ibsgss.uk		80	hi-cm-v6.ip.zstaticcdn.com	bak.hi-cm-v6.ibsgss.uk		80	haikou-cm-v6.ip.zstaticcdn.com
cdn	6	四川	电信	sc-ct-v6.ibsgss.uk		80	sc-ct-v6.ip.zstaticcdn.com	bak.sc-ct-v6.ibsgss.uk		80	cd-ct-v6.ip.zstaticcdn.com
cdn	6	四川	联通	sc-cu-v6.ibsgss.uk		80	sc-cu-v6.ip.zstaticcdn.com	bak.sc-cu-v6.ibsgss.uk		80	cd-cu-v6.ip.zstaticcdn.com
cdn	6	四川	移动	sc-cm-v6.ibsgss.uk		80	sc-cm-v6.ip.zstaticcdn.com	bak.sc-cm-v6.ibsgss.uk		80	cd-cm-v6.ip.zstaticcdn.com
cdn	6	贵州	电信	gz-ct-v6.ibsgss.uk		80	gz-ct-v6.ip.zstaticcdn.com	bak.gz-ct-v6.ibsgss.uk		80	gy-ct-v6.ip.zstaticcdn.com
cdn	6	贵州	联通	gz-cu-v6.ibsgss.uk		80	gz-cu-v6.ip.zstaticcdn.com	bak.gz-cu-v6.ibsgss.uk		80	gy-cu-v6.ip.zstaticcdn.com
cdn	6	贵州	移动	gz-cm-v6.ibsgss.uk		80	gz-cm-v6.ip.zstaticcdn.com	bak.gz-cm-v6.ibsgss.uk		80	gy-cm-v6.ip.zstaticcdn.com
cdn	6	云南	电信	yn-ct-v6.ibsgss.uk		80	yn-ct-v6.ip.zstaticcdn.com	bak.yn-ct-v6.ibsgss.uk		80	km-ct-v6.ip.zstaticcdn.com
cdn	6	云南	联通	yn-cu-v6.ibsgss.uk		80	yn-cu-v6.ip.zstaticcdn.com	bak.yn-cu-v6.ibsgss.uk		80	km-cu-v6.ip.zstaticcdn.com
cdn	6	云南	移动	yn-cm-v6.ibsgss.uk		80	yn-cm-v6.ip.zstaticcdn.com	bak.yn-cm-v6.ibsgss.uk		80	km-cm-v6.ip.zstaticcdn.com
cdn	6	陕西	电信	sn-ct-v6.ibsgss.uk		80	sn-ct-v6.ip.zstaticcdn.com	bak.sn-ct-v6.ibsgss.uk		80	xa-ct-v6.ip.zstaticcdn.com
cdn	6	陕西	联通	sn-cu-v6.ibsgss.uk		80	sn-cu-v6.ip.zstaticcdn.com	bak.sn-cu-v6.ibsgss.uk		80	xa-cu-v6.ip.zstaticcdn.com
cdn	6	陕西	移动	sn-cm-v6.ibsgss.uk		80	sn-cm-v6.ip.zstaticcdn.com	bak.sn-cm-v6.ibsgss.uk		80	xa-cm-v6.ip.zstaticcdn.com
cdn	6	甘肃	电信	gs-ct-v6.ibsgss.uk		80	gs-ct-v6.ip.zstaticcdn.com	bak.gs-ct-v6.ibsgss.uk		80	lz-ct-v6.ip.zstaticcdn.com
cdn	6	甘肃	联通	gs-cu-v6.ibsgss.uk		80	gs-cu-v6.ip.zstaticcdn.com	bak.gs-cu-v6.ibsgss.uk		80	lz-cu-v6.ip.zstaticcdn.com
cdn	6	甘肃	移动	gs-cm-v6.ibsgss.uk		80	gs-cm-v6.ip.zstaticcdn.com	bak.gs-cm-v6.ibsgss.uk		80	lz-cm-v6.ip.zstaticcdn.com
cdn	6	青海	电信	qh-ct-v6.ibsgss.uk		80	qh-ct-v6.ip.zstaticcdn.com	bak.qh-ct-v6.ibsgss.uk		80	xn-ct-v6.ip.zstaticcdn.com
cdn	6	青海	联通	qh-cu-v6.ibsgss.uk		80	qh-cu-v6.ip.zstaticcdn.com	bak.qh-cu-v6.ibsgss.uk		80	xn-cu-v6.ip.zstaticcdn.com
cdn	6	青海	移动	qh-cm-v6.ibsgss.uk		80	qh-cm-v6.ip.zstaticcdn.com	bak.qh-cm-v6.ibsgss.uk		80	xn-cm-v6.ip.zstaticcdn.com
cdn	6	内蒙古	电信	nm-ct-v6.ibsgss.uk		80	nm-ct-v6.ip.zstaticcdn.com	bak.nm-ct-v6.ibsgss.uk		80	hhht-ct-v6.ip.zstaticcdn.com
cdn	6	内蒙古	联通	nm-cu-v6.ibsgss.uk		80	nm-cu-v6.ip.zstaticcdn.com	bak.nm-cu-v6.ibsgss.uk		80	hhht-cu-v6.ip.zstaticcdn.com
cdn	6	内蒙古	移动	nm-cm-v6.ibsgss.uk		80	nm-cm-v6.ip.zstaticcdn.com	bak.nm-cm-v6.ibsgss.uk		80	hhht-cm-v6.ip.zstaticcdn.com
cdn	6	广西	电信	gx-ct-v6.ibsgss.uk		80	gx-ct-v6.ip.zstaticcdn.com	bak.gx-ct-v6.ibsgss.uk		80	nn-ct-v6.ip.zstaticcdn.com
cdn	6	广西	联通	gx-cu-v6.ibsgss.uk		80	gx-cu-v6.ip.zstaticcdn.com	bak.gx-cu-v6.ibsgss.uk		80	nn-cu-v6.ip.zstaticcdn.com
cdn	6	广西	移动	gx-cm-v6.ibsgss.uk		80	gx-cm-v6.ip.zstaticcdn.com	bak.gx-cm-v6.ibsgss.uk		80	nn-cm-v6.ip.zstaticcdn.com
cdn	6	西藏	电信	xz-ct-v6.ibsgss.uk		80	xz-ct-v6.ip.zstaticcdn.com	bak.xz-ct-v6.ibsgss.uk		80	lasa-ct-v6.ip.zstaticcdn.com
cdn	6	西藏	联通	xz-cu-v6.ibsgss.uk		80	xz-cu-v6.ip.zstaticcdn.com	bak.xz-cu-v6.ibsgss.uk		80	lasa-cu-v6.ip.zstaticcdn.com
cdn	6	西藏	移动	xz-cm-v6.ibsgss.uk		80	xz-cm-v6.ip.zstaticcdn.com	bak.xz-cm-v6.ibsgss.uk		80	lasa-cm-v6.ip.zstaticcdn.com
cdn	6	宁夏	电信	nx-ct-v6.ibsgss.uk		80	nx-ct-v6.ip.zstaticcdn.com	bak.nx-ct-v6.ibsgss.uk		80	yinchuan-ct-v6.ip.zstaticcdn.com
cdn	6	宁夏	联通	nx-cu-v6.ibsgss.uk		80	nx-cu-v6.ip.zstaticcdn.com	bak.nx-cu-v6.ibsgss.uk		80	yinchuan-cu-v6.ip.zstaticcdn.com
cdn	6	宁夏	移动	nx-cm-v6.ibsgss.uk		80	nx-cm-v6.ip.zstaticcdn.com	bak.nx-cm-v6.ibsgss.uk		80	yinchuan-cm-v6.ip.zstaticcdn.com
cdn	6	新疆	电信	xj-ct-v6.ibsgss.uk		80	xj-ct-v6.ip.zstaticcdn.com	bak.xj-ct-v6.ibsgss.uk		80	wlmq-ct-v6.ip.zstaticcdn.com
cdn	6	新疆	联通	xj-cu-v6.ibsgss.uk		80	xj-cu-v6.ip.zstaticcdn.com	bak.xj-cu-v6.ibsgss.uk		80	wlmq-cu-v6.ip.zstaticcdn.com
cdn	6	新疆	移动	xj-cm-v6.ibsgss.uk		80	xj-cm-v6.ip.zstaticcdn.com	bak.xj-cm-v6.ibsgss.uk		80	wlmq-cm-v6.ip.zstaticcdn.com
cdn	6	北京	电信	bj-ct-v6.ibsgss.uk		80	bj-ct-v6.ip.zstaticcdn.com	bak.bj-ct-v6.ibsgss.uk		80	bj-ct-v6.ip.zstaticcdn.com
cdn	6	北京	联通	bj-cu-v6.ibsgss.uk		80	bj-cu-v6.ip.zstaticcdn.com	bak.bj-cu-v6.ibsgss.uk		80	bj-cu-v6.ip.zstaticcdn.com
cdn	6	北京	移动	bj-cm-v6.ibsgss.uk		80	bj-cm-v6.ip.zstaticcdn.com	bak.bj-cm-v6.ibsgss.uk		80	bj-cm-v6.ip.zstaticcdn.com
cdn	6	天津	电信	tj-ct-v6.ibsgss.uk		80	tj-ct-v6.ip.zstaticcdn.com	bak.tj-ct-v6.ibsgss.uk		80	tj-ct-v6.ip.zstaticcdn.com
cdn	6	天津	联通	tj-cu-v6.ibsgss.uk		80	tj-cu-v6.ip.zstaticcdn.com	bak.tj-cu-v6.ibsgss.uk		80	tj-cu-v6.ip.zstaticcdn.com
cdn	6	天津	移动	tj-cm-v6.ibsgss.uk		80	tj-cm-v6.ip.zstaticcdn.com	bak.tj-cm-v6.ibsgss.uk		80	tj-cm-v6.ip.zstaticcdn.com
cdn	6	上海	电信	sh-ct-v6.ibsgss.uk		80	sh-ct-v6.ip.zstaticcdn.com	bak.sh-ct-v6.ibsgss.uk		80	sh-ct-v6.ip.zstaticcdn.com
cdn	6	上海	联通	sh-cu-v6.ibsgss.uk		80	sh-cu-v6.ip.zstaticcdn.com	bak.sh-cu-v6.ibsgss.uk		80	sh-cu-v6.ip.zstaticcdn.com
cdn	6	上海	移动	sh-cm-v6.ibsgss.uk		80	sh-cm-v6.ip.zstaticcdn.com	bak.sh-cm-v6.ibsgss.uk		80	sh-cm-v6.ip.zstaticcdn.com
cdn	6	重庆	电信	cq-ct-v6.ibsgss.uk		80	cq-ct-v6.ip.zstaticcdn.com	bak.cq-ct-v6.ibsgss.uk		80	cq-ct-v6.ip.zstaticcdn.com
cdn	6	重庆	联通	cq-cu-v6.ibsgss.uk		80	cq-cu-v6.ip.zstaticcdn.com	bak.cq-cu-v6.ibsgss.uk		80	cq-cu-v6.ip.zstaticcdn.com
cdn	6	重庆	移动	cq-cm-v6.ibsgss.uk		80	cq-cm-v6.ip.zstaticcdn.com	bak.cq-cm-v6.ibsgss.uk		80	cq-cm-v6.ip.zstaticcdn.com
